1544579342127292657,36.9885987,127.1564339,47.104,10.929636,0,0,0,10.929636,0,0,0,22.7529
1544579342301295916,36.9886437,127.1564173,47.137,11.009124,0,0,0,11.009124,0,0,0,22.867524
1544579342500318822,36.9886889,127.1564008,47.168,11.0889,0,0,0,11.0889,0,0,0,23.011209
1544579342699529754,36.9887339,127.1563841,47.167,11.128896,0,0,0,11.128896,0,0,0,23.097636
1544579342901894118,36.988779,127.1563672,47.156,11.168964,0,0,0,11.168964,0,0,0,23.213124
1544579343109981796,36.9888239,127.1563505,47.136,11.189025,0,0,0,11.189025,0,0,0,23.3289
1544579343301366027,36.988869,127.1563337,47.134,11.229201,0,0,0,11.229201,0,0,0,23.444964
1544579343501846925,36.9889141,127.1563169,47.16,11.269449,0,0,0,11.269449,0,0,0,23.532201
1544579343701557702,36.9889591,127.1563001,47.19,11.309769,0,0,0,11.309769,0,0,0,23.6196
1544579343905305022,36.9890042,127.156283,47.211,11.329956,0,0,0,11.329956,0,0,0,23.648769
1544579344130009137,36.9890493,127.1562659,47.239,11.329956,0,0,0,11.329956,0,0,0,23.6196
1544579344303528071,36.9890947,127.1562485,47.215,11.329956,0,0,0,11.329956,0,0,0,23.6196
1544579344493048025,36.9891402,127.1562312,47.248,11.329956,0,0,0,11.329956,0,0,0,23.590449
1544579344702089715,36.9891856,127.1562138,47.238,11.329956,0,0,0,11.329956,0,0,0,23.590449
1544579344908085368,36.9892312,127.1561966,47.235,11.329956,0,0,0,11.329956,0,0,0,23.590449
1544579345141329681,36.9892767,127.1561794,47.232,11.329956,0,0,0,11.329956,0,0,0,23.561316
1544579345302043703,36.9893222,127.1561622,47.288,11.329956,0,0,0,11.329956,0,0,0,23.503104
1544579345504127072,36.9893677,127.1561451,47.329,11.329956,0,0,0,11.329956,0,0,0,23.503104
1544579345700231986,36.9894133,127.1561281,47.361,11.370384,0,0,0,11.370384,0,0,0,23.532201
1544579345900000851,36.9894589,127.156111,47.416,11.390625,0,0,0,11.390625,0,0,0,23.532201
1544579346131489810,36.9895045,127.1560936,47.435,11.431161,0,0,0,11.431161,0,0,0,23.561316
1544579346300165470,36.9895503,127.1560762,47.47,11.451456,0,0,0,11.451456,0,0,0,23.532201
1544579346501160427,36.9895961,127.1560589,47.508,11.471769,0,0,0,11.471769,0,0,0,23.474025
1544579346701484599,36.9896423,127.1560408,47.5,11.512449,0,0,0,11.512449,0,0,0,23.474025
1544579346908514924,36.9896881,127.1560239,47.614,11.573604,0,0,0,11.573604,0,0,0,23.590449
1544579347125152001,36.989734,127.1560064,47.68,11.614464,0,0,0,11.614464,0,0,0,23.648769
1544579347299411915,36.9897799,127.1559885,47.679,11.614464,0,0,0,11.614464,0,0,0,23.648769
1544579347502030326,36.9898258,127.155971,47.751,11.634921,0,0,0,11.634921,0,0,0,23.677956
1544579347701174466,36.9898716,127.1559534,47.819,11.634921,0,0,0,11.634921,0,0,0,23.707161
1544579347901308371,36.9899173,127.1559359,47.858,11.634921,0,0,0,11.634921,0,0,0,23.736384
1544579348124524152,36.9899631,127.1559184,47.932,11.655396,0,0,0,11.655396,0,0,0,23.765625
1544579348289526601,36.9900091,127.1559009,47.939,11.655396,0,0,0,11.655396,0,0,0,23.794884
1544579348488988018,36.9900551,127.1558836,48,11.675889,0,0,0,11.675889,0,0,0,23.824161
1544579348689385817,36.9901012,127.1558665,48.085,11.675889,0,0,0,11.675889,0,0,0,23.853456
1544579348889073400,36.9901473,127.155849,48.139,11.6964,0,0,0,11.6964,0,0,0,23.941449
1544579349114514987,36.9901934,127.1558316,48.286,11.6964,0,0,0,11.6964,0,0,0,23.970816
1544579349290046245,36.9902396,127.1558144,48.335,11.716929,0,0,0,11.716929,0,0,0,24.000201
1544579349491272464,36.9902856,127.1557972,48.421,11.716929,0,0,0,11.716929,0,0,0,24.029604
1544579349689953449,36.9903319,127.15578,48.488,11.737476,0,0,0,11.737476,0,0,0,24.059025
1544579349887065811,36.9903779,127.1557629,48.583,11.737476,0,0,0,11.737476,0,0,0,24.088464
1544579350128945919,36.9904241,127.1557459,48.716,11.758041,0,0,0,11.758041,0,0,0,24.117921
1544579350290186963,36.9904702,127.1557288,48.784,11.758041,0,0,0,11.758041,0,0,0,24.147396
1544579350489986335,36.9905161,127.1557117,48.846,11.758041,0,0,0,11.758041,0,0,0,24.147396
1544579350688513754,36.990562,127.1556942,48.98,11.778624,0,0,0,11.778624,0,0,0,24.176889
1544579350889231111,36.9906079,127.1556765,49.083,11.778624,0,0,0,11.778624,0,0,0,24.2064
1544579351124105313,36.9906539,127.1556592,49.165,11.799225,0,0,0,11.799225,0,0,0,24.2064
1544579351288227243,36.9906999,127.1556418,49.269,11.799225,0,0,0,11.799225,0,0,0,24.235929
1544579351490353008,36.9907458,127.1556243,49.356,11.799225,0,0,0,11.799225,0,0,0,24.235929
1544579351691062925,36.9907918,127.1556072,49.419,11.819844,0,0,0,11.819844,0,0,0,24.235929
1544579351891338319,36.9908379,127.1555898,49.469,11.819844,0,0,0,11.819844,0,0,0,24.235929
1544579352121282391,36.9908838,127.1555726,49.533,11.819844,0,0,0,11.819844,0,0,0,24.265476
1544579352288375838,36.9909299,127.1555554,49.619,11.840481,0,0,0,11.840481,0,0,0,24.265476
1544579352488366418,36.9909758,127.1555381,49.678,11.881809,0,0,0,11.881809,0,0,0,24.295041
1544579352684099868,36.9910218,127.155521,49.727,11.9025,0,0,0,11.9025,0,0,0,24.295041
1544579352890099298,36.9910677,127.1555037,49.807,11.9025,0,0,0,11.9025,0,0,0,24.295041
1544579353118817269,36.9911137,127.1554863,49.898,11.9025,0,0,0,11.9025,0,0,0,24.295041
1544579353289371220,36.9911595,127.1554689,49.934,11.923209,0,0,0,11.923209,0,0,0,24.265476
1544579353485297215,36.9912052,127.1554517,49.987,11.923209,0,0,0,11.923209,0,0,0,24.235929
1544579353685296219,36.9912511,127.1554343,50.074,11.923209,0,0,0,11.923209,0,0,0,24.2064
1544579353888290701,36.9912971,127.1554169,50.161,11.9025,0,0,0,11.9025,0,0,0,24.147396
1544579354109370977,36.9913431,127.1553994,50.253,11.9025,0,0,0,11.9025,0,0,0,24.088464
1544579354298726242,36.9913891,127.1553821,50.317,11.9025,0,0,0,11.9025,0,0,0,24.029604
1544579354486170655,36.9914352,127.1553648,50.422,11.881809,0,0,0,11.881809,0,0,0,23.941449
1544579354685148461,36.9914811,127.1553476,50.512,11.881809,0,0,0,11.881809,0,0,0,23.882769
1544579354883297303,36.9915271,127.1553304,50.606,11.881809,0,0,0,11.881809,0,0,0,23.824161
1544579355109246753,36.991573,127.1553132,50.68,11.799225,0,0,0,11.799225,0,0,0,23.677956
1544579355287049819,36.9916189,127.1552959,50.781,11.716929,0,0,0,11.716929,0,0,0,23.561316
1544579355481138967,36.991665,127.1552789,50.856,11.634921,0,0,0,11.634921,0,0,0,23.415921
1544579355684321679,36.9917109,127.1552618,50.974,11.553201,0,0,0,11.553201,0,0,0,23.270976
1544579355879803031,36.9917569,127.1552448,51.061,11.4921,0,0,0,11.4921,0,0,0,23.242041
1544579355978682022,36.9917798,127.1552363,51.103,11.370384,0,0,0,11.370384,0,0,0,23.068809
1544579356111205388,36.9918028,127.1552277,51.156,11.249316,0,0,0,11.249316,0,0,0,22.924944
1544579356288996421,36.9918488,127.1552106,51.244,11.189025,0,0,0,11.189025,0,0,0,22.896225
1544579356493245222,36.9918946,127.1551936,51.333,11.148921,0,0,0,11.148921,0,0,0,22.896225
1544579356693323006,36.9919404,127.1551766,51.429,11.148921,0,0,0,11.148921,0,0,0,22.896225
1544579356887121827,36.9919863,127.1551595,51.526,11.148921,0,0,0,11.148921,0,0,0,22.924944
1544579357121802475,36.9920321,127.1551423,51.626,11.148921,0,0,0,11.148921,0,0,0,22.896225
1544579357290308870,36.9920779,127.1551252,51.692,11.148921,0,0,0,11.148921,0,0,0,22.924944
1544579357488674030,36.9921238,127.155108,51.776,11.108889,0,0,0,11.108889,0,0,0,22.924944
1544579357693164456,36.9921696,127.1550907,51.831,11.068929,0,0,0,11.068929,0,0,0,22.924944
1544579357889192151,36.9922155,127.1550736,51.895,11.029041,0,0,0,11.029041,0,0,0,22.924944
1544579358118873681,36.9922613,127.1550565,51.983,10.989225,0,0,0,10.989225,0,0,0,22.896225
1544579358283598415,36.992307,127.1550394,52.07,10.969344,0,0,0,10.969344,0,0,0,22.924944
1544579358488554984,36.9923528,127.1550222,52.156,10.949481,0,0,0,10.949481,0,0,0,22.924944
1544579358687921315,36.9923987,127.1550048,52.226,10.909809,0,0,0,10.909809,0,0,0,22.896225
1544579358887227015,36.9924444,127.1549876,52.314,10.870209,0,0,0,10.870209,0,0,0,22.896225
1544579359114204695,36.9924901,127.1549706,52.402,10.850436,0,0,0,10.850436,0,0,0,22.867524
1544579359288036874,36.9925359,127.1549533,52.492,10.810944,0,0,0,10.810944,0,0,0,22.867524
1544579359489272750,36.9925817,127.1549361,52.586,10.791225,0,0,0,10.791225,0,0,0,22.867524
1544579359682195327,36.9926274,127.1549187,52.663,10.771524,0,0,0,10.771524,0,0,0,22.838841
1544579359886028901,36.9926732,127.154901,52.717,10.732176,0,0,0,10.732176,0,0,0,22.838841
1544579360117227506,36.9927192,127.1548833,52.746,10.751841,0,0,0,10.751841,0,0,0,22.867524
1544579360297137359,36.992765,127.1548657,52.794,10.771524,0,0,0,10.771524,0,0,0,22.867524
1544579360493189317,36.9928108,127.1548481,52.833,10.771524,0,0,0,10.771524,0,0,0,22.896225
1544579360698154554,36.9928565,127.1548308,52.885,10.791225,0,0,0,10.791225,0,0,0,22.924944
1544579360892864515,36.9929024,127.1548134,52.939,10.791225,0,0,0,10.791225,0,0,0,22.953681
1544579361113025356,36.9929481,127.1547963,52.985,10.771524,0,0,0,10.771524,0,0,0,22.953681
1544579361286137335,36.9929938,127.1547791,53.05,10.791225,0,0,0,10.791225,0,0,0,22.982436
1544579361494177613,36.9930395,127.1547617,53.1,10.810944,0,0,0,10.810944,0,0,0,23.04
1544579361688734007,36.9930852,127.1547447,53.197,10.791225,0,0,0,10.791225,0,0,0,22.982436
1544579361889712139,36.9931308,127.1547277,53.278,10.810944,0,0,0,10.810944,0,0,0,22.924944
1544579362112177823,36.9931767,127.1547106,53.322,10.732176,0,0,0,10.732176,0,0,0,22.838841
1544579362284974901,36.9932227,127.1546938,53.35,10.673289,0,0,0,10.673289,0,0,0,22.7529
1544579362494098080,36.9932687,127.154677,53.426,10.614564,0,0,0,10.614564,0,0,0,22.667121
1544579362686776608,36.9933145,127.1546603,53.478,10.614564,0,0,0,10.614564,0,0,0,22.610025
1544579362886980503,36.9933603,127.1546433,53.55,10.634121,0,0,0,10.634121,0,0,0,22.524516
1544579363118502618,36.9934063,127.154626,53.61,10.634121,0,0,0,10.634121,0,0,0,22.4676
1544579363286736351,36.9934522,127.1546086,53.644,10.634121,0,0,0,10.634121,0,0,0,22.410756
1544579363493096688,36.9934981,127.1545913,53.677,10.653696,0,0,0,10.653696,0,0,0,22.325625
1544579363684170051,36.9935438,127.154574,53.756,10.653696,0,0,0,10.653696,0,0,0,22.297284
1544579363882939962,36.9935898,127.1545564,53.827,10.673289,0,0,0,10.673289,0,0,0,22.297284
1544579364109654029,36.9936356,127.1545389,53.872,10.712529,0,0,0,10.712529,0,0,0,22.353984
1544579364283132795,36.9936813,127.1545207,53.941,10.771524,0,0,0,10.771524,0,0,0,22.4676
1544579364488456636,36.9937272,127.1545036,54.016,10.791225,0,0,0,10.791225,0,0,0,22.524516
1544579364680858925,36.9937733,127.1544868,54.09,10.791225,0,0,0,10.791225,0,0,0,22.553001
1544579364780766786,36.9937962,127.1544782,54.068,10.732176,0,0,0,10.732176,0,0,0,22.4676
1544579364873845814,36.9938194,127.1544698,54.095,10.6929,0,0,0,10.6929,0,0,0,22.382361
1544579364979091131,36.9938424,127.1544614,54.086,10.653696,0,0,0,10.653696,0,0,0,22.325625
1544579365108608944,36.9938654,127.1544531,54.111,10.614564,0,0,0,10.614564,0,0,0,22.240656
1544579365285127424,36.9939116,127.1544359,54.125,10.614564,0,0,0,10.614564,0,0,0,22.325625
1544579365488486904,36.9939575,127.1544185,54.141,10.653696,0,0,0,10.653696,0,0,0,22.410756
1544579365698483625,36.9940034,127.1544013,54.206,10.712529,0,0,0,10.712529,0,0,0,22.524516
1544579365899158860,36.9940495,127.1543842,54.241,10.791225,0,0,0,10.791225,0,0,0,22.667121
1544579366117089018,36.9940955,127.1543668,54.279,10.850436,0,0,0,10.850436,0,0,0,22.810176
1544579366283007440,36.9941414,127.1543492,54.308,10.89,0,0,0,10.89,0,0,0,22.953681
1544579366480904115,36.9941877,127.1543321,54.348,10.969344,0,0,0,10.969344,0,0,0,23.097636
1544579366583992615,36.9942107,127.1543233,54.31,10.929636,0,0,0,10.929636,0,0,0,22.982436
1544579366782118933,36.994257,127.154306,54.333,10.969344,0,0,0,10.969344,0,0,0,23.04
1544579366987803772,36.9943031,127.1542885,54.348,11.009124,0,0,0,11.009124,0,0,0,23.097636
1544579367186684408,36.9943492,127.1542711,54.367,11.029041,0,0,0,11.029041,0,0,0,23.126481
1544579367388083432,36.9943956,127.1542536,54.35,11.048976,0,0,0,11.048976,0,0,0,23.184225
1544579367587851123,36.9944419,127.1542362,54.408,11.0889,0,0,0,11.0889,0,0,0,23.270976
1544579367782141896,36.9944882,127.1542189,54.416,11.128896,0,0,0,11.128896,0,0,0,23.386896
1544579367983020065,36.9945347,127.1542014,54.489,11.148921,0,0,0,11.148921,0,0,0,23.415921
1544579368183484227,36.9945812,127.1541841,54.452,11.168964,0,0,0,11.168964,0,0,0,23.444964
1544579368387931748,36.9946278,127.1541667,54.511,11.189025,0,0,0,11.189025,0,0,0,23.503104
1544579368583954985,36.9946742,127.1541492,54.577,11.209104,0,0,0,11.209104,0,0,0,23.561316
1544579368783827984,36.9947207,127.1541316,54.558,11.229201,0,0,0,11.229201,0,0,0,23.590449
1544579368988042601,36.9947674,127.1541142,54.603,11.249316,0,0,0,11.249316,0,0,0,23.648769
1544579369181550116,36.994814,127.1540967,54.648,11.269449,0,0,0,11.269449,0,0,0,23.677956
1544579369383945043,36.9948599,127.1540791,54.682,11.2896,0,0,0,11.2896,0,0,0,23.707161
1544579369583943326,36.9949062,127.1540619,54.695,11.309769,0,0,0,11.309769,0,0,0,23.765625
1544579369787952042,36.9949521,127.1540449,54.727,11.329956,0,0,0,11.329956,0,0,0,23.794884
1544579369983980978,36.9949978,127.1540276,54.734,11.329956,0,0,0,11.329956,0,0,0,23.824161
1544579370183942322,36.9950435,127.1540104,54.791,11.370384,0,0,0,11.370384,0,0,0,23.9121
1544579370388269091,36.9950888,127.1539936,54.799,11.390625,0,0,0,11.390625,0,0,0,24.000201
1544579370581664296,36.9951341,127.1539766,54.81,11.390625,0,0,0,11.390625,0,0,0,24.000201
1544579370788458568,36.9951791,127.1539594,54.836,11.390625,0,0,0,11.390625,0,0,0,24.000201
1544579370983782241,36.9952241,127.1539426,54.895,11.431161,0,0,0,11.431161,0,0,0,24.117921
1544579371184058002,36.995269,127.153926,54.896,11.471769,0,0,0,11.471769,0,0,0,24.235929
1544579371387038669,36.995314,127.1539091,54.923,11.390625,0,0,0,11.390625,0,0,0,24.235929
1544579371584021569,36.9953588,127.1538923,54.94,11.370384,0,0,0,11.370384,0,0,0,24.235929
1544579371788112293,36.9954036,127.1538755,54.947,11.350161,0,0,0,11.350161,0,0,0,24.235929
1544579371981030003,36.9954485,127.1538585,54.964,11.309769,0,0,0,11.309769,0,0,0,24.235929
1544579372189860212,36.9954934,127.1538418,55.02,11.2896,0,0,0,11.2896,0,0,0,24.235929
1544579372384839289,36.9955383,127.1538248,55.134,11.269449,0,0,0,11.269449,0,0,0,24.235929
1544579372583459194,36.9955835,127.1538081,55.202,11.229201,0,0,0,11.229201,0,0,0,24.235929
1544579372784781002,36.9956285,127.153791,55.265,11.189025,0,0,0,11.189025,0,0,0,24.147396
1544579372997663406,36.9956734,127.1537738,55.358,11.168964,0,0,0,11.168964,0,0,0,24.176889
1544579373189017448,36.9957183,127.1537565,55.437,11.148921,0,0,0,11.148921,0,0,0,24.147396
1544579373384578406,36.9957632,127.1537394,55.504,11.128896,0,0,0,11.128896,0,0,0,24.176889
1544579373589889893,36.9958082,127.1537224,55.583,11.108889,0,0,0,11.108889,0,0,0,24.147396
1544579373789866520,36.9958534,127.1537053,55.646,11.0889,0,0,0,11.0889,0,0,0,24.176889
1544579373992696794,36.9958985,127.1536883,55.684,11.068929,0,0,0,11.068929,0,0,0,24.2064
1544579374199493102,36.9959436,127.1536714,55.703,11.068929,0,0,0,11.068929,0,0,0,24.2064
1544579374394025408,36.9959892,127.1536544,55.593,11.029041,0,0,0,11.029041,0,0,0,24.2064
1544579374593961907,36.9960348,127.1536373,55.652,11.0889,0,0,0,11.0889,0,0,0,24.295041
1544579374786965537,36.9960802,127.1536199,55.643,11.0889,0,0,0,11.0889,0,0,0,24.383844
1544579374998685591,36.9961256,127.1536029,55.608,11.0889,0,0,0,11.0889,0,0,0,24.472809
1544579375183765414,36.9961711,127.1535863,55.69,11.0889,0,0,0,11.0889,0,0,0,24.532209
1544579375381488613,36.9962156,127.1535699,55.867,11.048976,0,0,0,11.048976,0,0,0,24.443136
1544579375588175690,36.9962605,127.1535533,56.031,10.989225,0,0,0,10.989225,0,0,0,24.295041
1544579375781880903,36.9963058,127.1535363,56.094,10.949481,0,0,0,10.949481,0,0,0,24.147396
1544579375982855094,36.9963514,127.1535192,56.153,10.909809,0,0,0,10.909809,0,0,0,24.088464
1544579376178874083,36.9963969,127.1535017,56.312,10.929636,0,0,0,10.929636,0,0,0,24.2064
1544579376279684851,36.9964198,127.153493,56.336,10.850436,0,0,0,10.850436,0,0,0,24.176889
1544579376379439809,36.9964427,127.1534844,56.363,10.810944,0,0,0,10.810944,0,0,0,24.2064
1544579376481823069,36.9964656,127.1534759,56.382,10.771524,0,0,0,10.771524,0,0,0,24.2064
1544579376678837518,36.9965116,127.1534584,56.406,10.810944,0,0,0,10.810944,0,0,0,24.324624
1544579376780860745,36.9965346,127.1534496,56.424,10.732176,0,0,0,10.732176,0,0,0,24.265476
1544579376979533238,36.9965805,127.153432,56.477,10.810944,0,0,0,10.810944,0,0,0,24.472809
1544579377107755463,36.9966036,127.1534238,56.484,10.791225,0,0,0,10.791225,0,0,0,24.5025
1544579377279471096,36.9966497,127.1534064,56.47,10.870209,0,0,0,10.870209,0,0,0,24.681024
1544579377380563110,36.9966728,127.1533976,56.505,10.850436,0,0,0,10.850436,0,0,0,24.621444
1544579377478914129,36.996696,127.1533888,56.536,10.830681,0,0,0,10.830681,0,0,0,24.621444
1544579377578433303,36.996719,127.15338,56.565,10.830681,0,0,0,10.830681,0,0,0,24.621444
1544579377680918271,36.996742,127.1533711,56.577,10.810944,0,0,0,10.810944,0,0,0,24.591681
1544579377878914338,36.9967882,127.1533539,56.536,10.850436,0,0,0,10.850436,0,0,0,24.681024
1544579377979685273,36.9968114,127.1533453,56.609,10.810944,0,0,0,10.810944,0,0,0,24.5025
1544579378108599378,36.9968346,127.1533366,56.62,10.771524,0,0,0,10.771524,0,0,0,24.295041
1544579378280834761,36.9968812,127.1533193,56.625,10.732176,0,0,0,10.732176,0,0,0,24.235929
1544579378480680306,36.9969275,127.1533021,56.691,10.712529,0,0,0,10.712529,0,0,0,24.2064
1544579378682735327,36.9969741,127.1532852,56.738,10.732176,0,0,0,10.732176,0,0,0,24.176889
1544579378878922089,36.9970205,127.1532679,56.806,10.771524,0,0,0,10.771524,0,0,0,24.147396
1544579378977478494,36.9970438,127.1532591,56.822,10.712529,0,0,0,10.712529,0,0,0,23.941449
1544579379104729708,36.9970668,127.1532501,56.872,10.653696,0,0,0,10.653696,0,0,0,23.736384
1544579379280720350,36.9971132,127.1532326,56.904,10.673289,0,0,0,10.673289,0,0,0,23.707161
1544579379479433211,36.9971597,127.1532151,56.938,10.6929,0,0,0,10.6929,0,0,0,23.677956
1544579379688901617,36.997206,127.1531973,57.072,10.712529,0,0,0,10.712529,0,0,0,23.648769
1544579379891720509,36.9972522,127.1531799,57.137,10.771524,0,0,0,10.771524,0,0,0,23.736384
1544579380117711841,36.9972988,127.1531625,57.157,10.830681,0,0,0,10.830681,0,0,0,23.824161
1544579380288583928,36.9973455,127.1531448,57.181,10.870209,0,0,0,10.870209,0,0,0,23.794884
1544579380491866277,36.997392,127.1531272,57.235,10.909809,0,0,0,10.909809,0,0,0,23.765625
1544579380689835874,36.9974386,127.1531093,57.288,10.850436,0,0,0,10.850436,0,0,0,23.648769
1544579380891907522,36.9974851,127.153092,57.301,10.810944,0,0,0,10.810944,0,0,0,23.590449
1544579381121264116,36.9975316,127.1530748,57.319,10.830681,0,0,0,10.830681,0,0,0,23.561316
1544579381293744010,36.9975781,127.1530576,57.37,10.810944,0,0,0,10.810944,0,0,0,23.503104
1544579381489662533,36.9976247,127.1530407,57.408,10.751841,0,0,0,10.751841,0,0,0,23.444964
1544579381684626225,36.9976712,127.1530233,57.404,10.712529,0,0,0,10.712529,0,0,0,23.357889
1544579381889862127,36.9977176,127.1530062,57.43,10.634121,0,0,0,10.634121,0,0,0,23.242041
1544579382112637049,36.9977639,127.1529893,57.481,10.575504,0,0,0,10.575504,0,0,0,23.155344
1544579382286747386,36.9978106,127.1529724,57.451,10.4976,0,0,0,10.4976,0,0,0,23.068809
1544579382488274178,36.9978572,127.1529555,57.476,10.439361,0,0,0,10.439361,0,0,0,23.011209
1544579382687379926,36.9979037,127.1529387,57.51,10.400625,0,0,0,10.400625,0,0,0,22.953681
1544579382888778227,36.9979504,127.1529218,57.492,10.361961,0,0,0,10.361961,0,0,0,22.924944
1544579383109495104,36.9979971,127.1529048,57.477,10.361961,0,0,0,10.361961,0,0,0,22.896225
1544579383285859950,36.9980437,127.1528874,57.445,10.381284,0,0,0,10.381284,0,0,0,22.896225
1544579383492388281,36.9980903,127.1528704,57.486,10.400625,0,0,0,10.400625,0,0,0,22.924944
1544579383688017468,36.9981369,127.1528531,57.502,10.400625,0,0,0,10.400625,0,0,0,22.896225
1544579383889493594,36.9981836,127.1528358,57.503,10.419984,0,0,0,10.419984,0,0,0,22.867524
1544579384122621502,36.9982303,127.1528184,57.517,10.439361,0,0,0,10.439361,0,0,0,22.810176
1544579384289774334,36.9982769,127.1528011,57.558,10.439361,0,0,0,10.439361,0,0,0,22.7529
1544579384488208775,36.9983234,127.1527836,57.571,10.458756,0,0,0,10.458756,0,0,0,22.724289
1544579384692613012,36.9983701,127.152766,57.625,10.478169,0,0,0,10.478169,0,0,0,22.7529
1544579384888649858,36.9984168,127.1527487,57.655,10.517049,0,0,0,10.517049,0,0,0,22.781529
1544579385115689361,36.9984637,127.1527313,57.66,10.536516,0,0,0,10.536516,0,0,0,22.781529
1544579385288448129,36.9985104,127.1527136,57.61,10.556001,0,0,0,10.556001,0,0,0,22.810176
1544579385492573514,36.9985572,127.152696,57.627,10.575504,0,0,0,10.575504,0,0,0,22.838841
1544579385689365350,36.998604,127.1526784,57.652,10.595025,0,0,0,10.595025,0,0,0,22.867524
1544579385887444059,36.9986508,127.1526607,57.662,10.614564,0,0,0,10.614564,0,0,0,22.867524
1544579386118201785,36.9986976,127.1526429,57.67,10.595025,0,0,0,10.595025,0,0,0,22.810176
1544579386289441922,36.9987444,127.1526252,57.648,10.614564,0,0,0,10.614564,0,0,0,22.838841
1544579386489762009,36.9987913,127.1526073,57.622,10.634121,0,0,0,10.634121,0,0,0,22.838841
1544579386696563723,36.9988382,127.1525895,57.608,10.634121,0,0,0,10.634121,0,0,0,22.867524
1544579386888361580,36.9988853,127.1525716,57.599,10.653696,0,0,0,10.653696,0,0,0,22.896225
1544579387118283661,36.9989323,127.1525537,57.593,10.673289,0,0,0,10.673289,0,0,0,22.924944
1544579387283666192,36.9989794,127.1525362,57.562,10.6929,0,0,0,10.6929,0,0,0,22.982436
1544579387488245600,36.9990265,127.1525187,57.524,10.653696,0,0,0,10.653696,0,0,0,22.953681
1544579387692482778,36.9990737,127.1525011,57.509,10.634121,0,0,0,10.634121,0,0,0,22.982436
1544579387888118324,36.9991209,127.1524836,57.502,10.614564,0,0,0,10.614564,0,0,0,22.953681
1544579388111111867,36.9991681,127.1524658,57.459,10.614564,0,0,0,10.614564,0,0,0,22.953681
1544579388288032984,36.9992152,127.1524482,57.443,10.575504,0,0,0,10.575504,0,0,0,22.924944
1544579388482994178,36.9992626,127.1524303,57.41,10.556001,0,0,0,10.556001,0,0,0,22.924944
1544579388683119892,36.99931,127.1524127,57.388,10.536516,0,0,0,10.536516,0,0,0,22.896225
1544579388889287668,36.9993574,127.1523949,57.322,10.4976,0,0,0,10.4976,0,0,0,22.867524
1544579389108673298,36.9994049,127.1523772,57.275,10.517049,0,0,0,10.517049,0,0,0,22.867524
1544579389283667116,36.9994523,127.1523595,57.247,10.536516,0,0,0,10.536516,0,0,0,22.867524
1544579389483117309,36.9995,127.1523417,57.159,10.556001,0,0,0,10.556001,0,0,0,22.896225
1544579389683589019,36.9995478,127.152324,57.087,10.575504,0,0,0,10.575504,0,0,0,22.953681
1544579389882524047,36.9995954,127.1523063,57.035,10.595025,0,0,0,10.595025,0,0,0,23.011209
1544579390113638244,36.9996432,127.1522887,56.965,10.634121,0,0,0,10.634121,0,0,0,23.097636
1544579390287682915,36.9996911,127.1522708,56.881,10.673289,0,0,0,10.673289,0,0,0,23.213124
1544579390487955843,36.9997387,127.152253,56.788,10.6929,0,0,0,10.6929,0,0,0,23.270976
1544579390687387852,36.9997863,127.1522348,56.701,10.6929,0,0,0,10.6929,0,0,0,23.242041
1544579390891389805,36.9998339,127.1522167,56.625,10.6929,0,0,0,10.6929,0,0,0,23.270976
1544579391124583530,36.9998817,127.1521982,56.564,10.712529,0,0,0,10.712529,0,0,0,23.357889
1544579391284507878,36.9999297,127.1521798,56.49,10.712529,0,0,0,10.712529,0,0,0,23.386896
1544579391488540260,36.9999778,127.1521614,56.428,10.791225,0,0,0,10.791225,0,0,0,23.532201
1544579391689518275,37.0000258,127.152143,56.393,10.830681,0,0,0,10.830681,0,0,0,23.648769
1544579391891409409,37.0000738,127.1521244,56.299,10.870209,0,0,0,10.870209,0,0,0,23.736384
1544579392125702873,37.0001219,127.1521064,56.184,10.909809,0,0,0,10.909809,0,0,0,23.853456
1544579392288344827,37.0001698,127.1520887,56.114,10.850436,0,0,0,10.850436,0,0,0,23.941449
1544579392492402501,37.0002179,127.1520707,56.04,10.791225,0,0,0,10.791225,0,0,0,23.941449
1544579392688056110,37.000266,127.1520524,55.997,10.771524,0,0,0,10.771524,0,0,0,23.970816
1544579392891661975,37.0003144,127.1520339,55.879,10.732176,0,0,0,10.732176,0,0,0,23.9121
1544579393127546487,37.0003628,127.1520155,55.771,10.751841,0,0,0,10.751841,0,0,0,23.9121
1544579393293421014,37.0004111,127.1519971,55.683,10.771524,0,0,0,10.771524,0,0,0,23.970816
1544579393493542445,37.0004596,127.1519786,55.606,10.810944,0,0,0,10.810944,0,0,0,24.029604
1544579393693477775,37.0005081,127.1519603,55.515,10.830681,0,0,0,10.830681,0,0,0,24.088464
1544579393900971184,37.0005567,127.1519419,55.423,10.870209,0,0,0,10.870209,0,0,0,24.147396
1544579394120893761,37.0006054,127.1519236,55.334,10.89,0,0,0,10.89,0,0,0,24.147396
1544579394293381391,37.0006541,127.1519055,55.249,10.909809,0,0,0,10.909809,0,0,0,24.176889
1544579394492383803,37.0007029,127.1518872,55.165,10.929636,0,0,0,10.929636,0,0,0,24.2064
1544579394692500764,37.0007516,127.1518691,55.059,10.949481,0,0,0,10.949481,0,0,0,24.265476
1544579394889334854,37.0008002,127.1518509,55.037,10.989225,0,0,0,10.989225,0,0,0,24.354225
1544579395119451509,37.0008487,127.1518325,54.981,11.029041,0,0,0,11.029041,0,0,0,24.443136
1544579395296376874,37.0008976,127.1518143,54.91,11.068929,0,0,0,11.068929,0,0,0,24.5025
1544579395483629684,37.0009466,127.151796,54.871,11.0889,0,0,0,11.0889,0,0,0,24.591681
1544579395692417911,37.0009954,127.1517781,54.852,11.128896,0,0,0,11.128896,0,0,0,24.651225
1544579395883128605,37.0010449,127.151761,54.909,11.168964,0,0,0,11.168964,0,0,0,24.740676
1544579396111087013,37.0010941,127.1517431,54.901,11.229201,0,0,0,11.229201,0,0,0,24.830289
1544579396282927836,37.0011433,127.1517253,54.852,11.269449,0,0,0,11.269449,0,0,0,24.890121
1544579396489604098,37.0011925,127.1517073,54.803,11.2896,0,0,0,11.2896,0,0,0,24.890121
1544579396683599956,37.0012419,127.1516892,54.812,11.2896,0,0,0,11.2896,0,0,0,24.920064
1544579396878535355,37.0012911,127.1516707,54.793,11.229201,0,0,0,11.229201,0,0,0,24.770529
1544579396982566025,37.0013156,127.1516613,54.815,11.108889,0,0,0,11.108889,0,0,0,24.472809
1544579397187960181,37.0013648,127.1516427,54.803,11.048976,0,0,0,11.048976,0,0,0,24.354225
1544579397393452578,37.0014141,127.1516241,54.862,11.009124,0,0,0,11.009124,0,0,0,24.265476
1544579397583449308,37.0014634,127.1516055,54.881,10.969344,0,0,0,10.969344,0,0,0,24.235929
1544579397789405030,37.0015125,127.1515871,54.929,10.949481,0,0,0,10.949481,0,0,0,24.235929
1544579397988209965,37.0015617,127.1515683,54.989,10.929636,0,0,0,10.929636,0,0,0,24.235929
1544579398179362310,37.0016109,127.1515498,55.047,10.909809,0,0,0,10.909809,0,0,0,24.265476
1544579398393440743,37.0016603,127.1515311,55.092,10.909809,0,0,0,10.909809,0,0,0,24.295041
1544579398588002197,37.0017094,127.1515123,55.167,10.89,0,0,0,10.89,0,0,0,24.295041
1544579398787997036,37.0017583,127.1514935,55.232,10.89,0,0,0,10.89,0,0,0,24.354225
1544579398992520168,37.0018074,127.1514747,55.275,10.929636,0,0,0,10.929636,0,0,0,24.443136
1544579399184521350,37.0018567,127.1514561,55.314,10.989225,0,0,0,10.989225,0,0,0,24.532209
1544579399387994774,37.001906,127.1514375,55.403,10.989225,0,0,0,10.989225,0,0,0,24.621444
1544579399581112400,37.001955,127.1514189,55.496,10.989225,0,0,0,10.989225,0,0,0,24.681024
1544579399791401447,37.0020042,127.1514003,55.557,10.969344,0,0,0,10.969344,0,0,0,24.651225
1544579399995403398,37.0020534,127.1513819,55.63,10.969344,0,0,0,10.969344,0,0,0,24.740676
1544579400192066584,37.0021025,127.1513637,55.807,10.989225,0,0,0,10.989225,0,0,0,24.860196
1544579400385512053,37.0021518,127.1513459,55.802,11.068929,0,0,0,11.068929,0,0,0,25.010001
1544579400584550116,37.0022007,127.151328,55.965,11.0889,0,0,0,11.0889,0,0,0,25.1001
1544579400787502533,37.0022499,127.1513094,56.031,11.108889,0,0,0,11.108889,0,0,0,25.130169
1544579400987349878,37.0022988,127.1512913,56.139,11.148921,0,0,0,11.148921,0,0,0,25.190361
1544579401186479760,37.0023477,127.1512733,56.228,11.189025,0,0,0,11.189025,0,0,0,25.250625
1544579401387508669,37.0023965,127.1512552,56.375,11.229201,0,0,0,11.229201,0,0,0,25.310961
1544579401583441929,37.0024452,127.151237,56.494,11.249316,0,0,0,11.249316,0,0,0,25.310961
1544579401787419678,37.0024941,127.1512189,56.658,11.229201,0,0,0,11.229201,0,0,0,25.341156
1544579401984468519,37.0025427,127.1512008,56.781,11.189025,0,0,0,11.189025,0,0,0,25.341156
1544579402193423221,37.0025913,127.1511826,56.9,11.128896,0,0,0,11.128896,0,0,0,25.310961
1544579402380496144,37.0026399,127.1511644,57.048,11.048976,0,0,0,11.048976,0,0,0,25.310961
1544579402587142909,37.0026885,127.151146,57.194,11.0889,0,0,0,11.0889,0,0,0,25.341156
1544579402784379124,37.0027372,127.1511276,57.357,11.029041,0,0,0,11.029041,0,0,0,25.341156
1544579402986981712,37.0027856,127.1511092,57.509,10.969344,0,0,0,10.969344,0,0,0,25.310961
1544579403187024667,37.0028338,127.1510907,57.697,10.89,0,0,0,10.89,0,0,0,25.250625
1544579403384343132,37.0028818,127.1510721,57.937,10.791225,0,0,0,10.791225,0,0,0,25.070049
1544579403588139340,37.00293,127.1510532,58.065,10.732176,0,0,0,10.732176,0,0,0,24.950025
1544579403778459287,37.0029781,127.1510342,58.196,10.673289,0,0,0,10.673289,0,0,0,24.950025
1544579403884341881,37.0030022,127.1510249,58.287,10.556001,0,0,0,10.556001,0,0,0,24.8004
1544579404116022400,37.0030503,127.1510062,58.449,10.4976,0,0,0,10.4976,0,0,0,24.740676
1544579404283097653,37.0030983,127.1509877,58.614,10.439361,0,0,0,10.439361,0,0,0,24.681024
1544579404483206757,37.0031466,127.1509691,58.748,10.381284,0,0,0,10.381284,0,0,0,24.651225
1544579404688010568,37.0031945,127.1509506,58.915,10.342656,0,0,0,10.342656,0,0,0,24.621444
1544579404885379338,37.0032424,127.1509323,59.058,10.284849,0,0,0,10.284849,0,0,0,24.591681
1544579405119360461,37.0032901,127.150914,59.253,10.265616,0,0,0,10.265616,0,0,0,24.591681
1544579405288973239,37.0033379,127.150896,59.392,10.227204,0,0,0,10.227204,0,0,0,24.591681
1544579405489345932,37.0033857,127.1508782,59.509,10.188864,0,0,0,10.188864,0,0,0,24.561936
1544579405688952181,37.0034331,127.1508601,59.75,10.169721,0,0,0,10.169721,0,0,0,24.561936
1544579405892331778,37.0034809,127.1508421,59.891,10.150596,0,0,0,10.150596,0,0,0,24.621444
1544579406122259023,37.0035284,127.1508242,60.054,10.131489,0,0,0,10.131489,0,0,0,24.681024
1544579406301329729,37.0035758,127.1508065,60.252,10.131489,0,0,0,10.131489,0,0,0,24.710841
1544579406489477779,37.0036232,127.1507887,60.345,10.131489,0,0,0,10.131489,0,0,0,24.710841
1544579406696166480,37.0036706,127.1507709,60.498,10.1124,0,0,0,10.1124,0,0,0,24.681024
1544579406891408684,37.0037179,127.1507529,60.671,10.093329,0,0,0,10.093329,0,0,0,24.532209
1544579407123361300,37.0037652,127.1507348,60.802,10.093329,0,0,0,10.093329,0,0,0,24.532209
1544579407300326619,37.0038122,127.1507168,61.002,10.055241,0,0,0,10.055241,0,0,0,24.413481
1544579407498163211,37.0038593,127.150699,61.181,10.036224,0,0,0,10.036224,0,0,0,24.295041
1544579407699265837,37.0039063,127.1506813,61.351,10.036224,0,0,0,10.036224,0,0,0,24.265476
1544579407888999425,37.0039533,127.1506636,61.475,10.017225,0,0,0,10.017225,0,0,0,24.235929
1544579408122163226,37.0040001,127.1506458,61.666,10.017225,0,0,0,10.017225,0,0,0,24.2064
1544579408287751869,37.0040469,127.1506281,61.846,10.017225,0,0,0,10.017225,0,0,0,24.176889
1544579408487399242,37.0040937,127.1506104,61.957,9.998244,0,0,0,9.998244,0,0,0,24.176889
1544579408696183795,37.0041405,127.1505925,62.148,9.998244,0,0,0,9.998244,0,0,0,24.147396
1544579408884412692,37.0041871,127.1505749,62.286,9.998244,0,0,0,9.998244,0,0,0,24.117921
1544579409110160794,37.0042339,127.1505574,62.376,9.979281,0,0,0,9.979281,0,0,0,24.059025
1544579409279277519,37.0042807,127.15054,62.527,9.979281,0,0,0,9.979281,0,0,0,24.059025
1544579409386324444,37.004304,127.1505313,62.549,9.903609,0,0,0,9.903609,0,0,0,23.853456
1544579409587872580,37.0043506,127.1505138,62.676,9.903609,0,0,0,9.903609,0,0,0,23.882769
1544579409791035870,37.0043972,127.1504961,62.807,9.903609,0,0,0,9.903609,0,0,0,23.882769
1544579409991357461,37.0044437,127.1504786,62.934,9.884736,0,0,0,9.884736,0,0,0,23.824161
1544579410187226059,37.0044903,127.1504613,63.063,9.903609,0,0,0,9.903609,0,0,0,23.824161
1544579410388950380,37.0045367,127.1504439,63.22,9.884736,0,0,0,9.884736,0,0,0,23.765625
1544579410584150309,37.0045833,127.1504266,63.301,9.865881,0,0,0,9.865881,0,0,0,23.736384
1544579410786285814,37.0046299,127.1504093,63.363,9.865881,0,0,0,9.865881,0,0,0,23.736384
1544579411000032233,37.0046765,127.1503921,63.448,9.847044,0,0,0,9.847044,0,0,0,23.736384
1544579411186319630,37.0047228,127.1503749,63.548,9.828225,0,0,0,9.828225,0,0,0,23.707161
1544579411386330968,37.0047694,127.1503575,63.565,9.809424,0,0,0,9.809424,0,0,0,23.736384
1544579411586877444,37.0048159,127.1503402,63.598,9.809424,0,0,0,9.809424,0,0,0,23.736384
1544579411787942151,37.0048621,127.1503228,63.747,9.790641,0,0,0,9.790641,0,0,0,23.765625
1544579411984282564,37.0049084,127.1503053,63.861,9.809424,0,0,0,9.809424,0,0,0,23.853456
1544579412189263456,37.0049545,127.1502877,64.011,9.828225,0,0,0,9.828225,0,0,0,23.970816
1544579412388825806,37.005001,127.1502701,64.083,9.865881,0,0,0,9.865881,0,0,0,24.088464
1544579412587277858,37.0050472,127.1502527,64.159,9.903609,0,0,0,9.903609,0,0,0,24.176889
1544579412787306765,37.0050936,127.1502352,64.25,9.941409,0,0,0,9.941409,0,0,0,24.265476
1544579412987318765,37.0051402,127.1502176,64.303,9.960336,0,0,0,9.960336,0,0,0,24.354225
1544579413201013306,37.0051866,127.1502002,64.386,9.998244,0,0,0,9.998244,0,0,0,24.472809
1544579413379142190,37.0052329,127.1501828,64.479,10.036224,0,0,0,10.036224,0,0,0,24.561936
1544579413480868868,37.0052561,127.1501741,64.471,9.979281,0,0,0,9.979281,0,0,0,24.532209
1544579413679976360,37.0053025,127.1501565,64.513,10.017225,0,0,0,10.017225,0,0,0,24.710841
1544579413778899562,37.0053256,127.150148,64.533,9.979281,0,0,0,9.979281,0,0,0,24.710841
1544579413878139444,37.005349,127.1501393,64.54,9.9225,0,0,0,9.9225,0,0,0,24.621444
1544579413980937621,37.0053722,127.1501303,64.591,9.884736,0,0,0,9.884736,0,0,0,24.532209
1544579414186828793,37.0054186,127.1501126,64.643,9.9225,0,0,0,9.9225,0,0,0,24.740676
1544579414383125329,37.0054652,127.1500949,64.66,9.979281,0,0,0,9.979281,0,0,0,24.860196
1544579414579103606,37.0055116,127.1500767,64.772,10.017225,0,0,0,10.017225,0,0,0,24.950025
1544579414678976240,37.0055349,127.1500678,64.756,9.998244,0,0,0,9.998244,0,0,0,24.920064
1544579414777142500,37.0055582,127.1500591,64.769,9.979281,0,0,0,9.979281,0,0,0,24.920064
1544579414877966084,37.0055816,127.1500503,64.737,9.960336,0,0,0,9.960336,0,0,0,24.830289
1544579414982177131,37.0056048,127.1500416,64.746,9.9225,0,0,0,9.9225,0,0,0,24.710841
1544579415189275952,37.0056515,127.1500239,64.745,9.960336,0,0,0,9.960336,0,0,0,24.8004
1544579415384096849,37.0056979,127.1500061,64.833,9.998244,0,0,0,9.998244,0,0,0,24.860196
1544579415584106117,37.0057444,127.1499885,64.884,10.017225,0,0,0,10.017225,0,0,0,24.890121
1544579415785933627,37.0057911,127.149971,64.851,10.055241,0,0,0,10.055241,0,0,0,24.920064
1544579415983001543,37.0058379,127.1499532,64.894,10.074276,0,0,0,10.074276,0,0,0,24.950025
1544579416179252548,37.0058846,127.1499355,64.953,10.074276,0,0,0,10.074276,0,0,0,24.950025
1544579416282931918,37.005908,127.1499269,64.906,9.998244,0,0,0,9.998244,0,0,0,24.8004
1544579416488090199,37.0059546,127.1499095,64.898,9.979281,0,0,0,9.979281,0,0,0,24.770529
1544579416687610433,37.0060014,127.1498921,64.943,10.017225,0,0,0,10.017225,0,0,0,24.8004
1544579416887770223,37.0060489,127.149875,65.032,10.055241,0,0,0,10.055241,0,0,0,24.920064
1544579417120919334,37.0060953,127.149858,65.097,10.1124,0,0,0,10.1124,0,0,0,25.040016
1544579417291959916,37.0061421,127.1498409,65.174,10.188864,0,0,0,10.188864,0,0,0,25.130169
1544579417497769624,37.0061889,127.1498234,65.226,10.208025,0,0,0,10.208025,0,0,0,25.070049
1544579417687643828,37.0062363,127.1498057,65.212,10.227204,0,0,0,10.227204,0,0,0,25.1001
1544579417892273384,37.0062834,127.1497882,65.253,10.227204,0,0,0,10.227204,0,0,0,25.1001
1544579418118713580,37.0063307,127.1497706,65.223,10.227204,0,0,0,10.227204,0,0,0,25.1001
1544579418292137124,37.006378,127.149753,65.24,10.246401,0,0,0,10.246401,0,0,0,25.190361
1544579418497519919,37.0064256,127.1497352,65.268,10.3041,0,0,0,10.3041,0,0,0,25.250625
1544579418686041633,37.0064731,127.149717,65.304,10.342656,0,0,0,10.342656,0,0,0,25.250625
1544579418882435559,37.0065206,127.1496991,65.293,10.361961,0,0,0,10.361961,0,0,0,25.250625
1544579419117138422,37.0065681,127.1496811,65.28,10.361961,0,0,0,10.361961,0,0,0,25.220484
1544579419287486812,37.0066158,127.1496626,65.278,10.381284,0,0,0,10.381284,0,0,0,25.250625
1544579419491028856,37.0066631,127.1496443,65.22,10.381284,0,0,0,10.381284,0,0,0,25.280784
1544579419688748441,37.0067106,127.1496256,65.194,10.381284,0,0,0,10.381284,0,0,0,25.250625
1544579419886912917,37.0067581,127.1496065,65.203,10.381284,0,0,0,10.381284,0,0,0,25.250625
1544579420117106660,37.0068056,127.1495872,65.174,10.361961,0,0,0,10.361961,0,0,0,25.220484
1544579420282958158,37.0068531,127.1495677,65.121,10.361961,0,0,0,10.361961,0,0,0,25.190361
1544579420488029364,37.0069006,127.1495483,65.139,10.342656,0,0,0,10.342656,0,0,0,25.1001
1544579420695261328,37.0069482,127.149529,65.077,10.323369,0,0,0,10.323369,0,0,0,24.980004
1544579420887513920,37.0069958,127.1495093,65.032,10.342656,0,0,0,10.342656,0,0,0,24.980004
1544579421114249728,37.0070436,127.1494895,64.974,10.361961,0,0,0,10.361961,0,0,0,24.980004
1544579421287337446,37.0070914,127.1494696,64.962,10.361961,0,0,0,10.361961,0,0,0,24.950025
1544579421488710777,37.0071391,127.1494492,64.896,10.381284,0,0,0,10.381284,0,0,0,24.890121
1544579421684108622,37.0071868,127.1494286,64.808,10.400625,0,0,0,10.400625,0,0,0,24.860196
1544579421890989724,37.0072344,127.1494077,64.744,10.381284,0,0,0,10.381284,0,0,0,24.8004
1544579422120861847,37.0072822,127.1493867,64.671,10.342656,0,0,0,10.342656,0,0,0,24.621444
1544579422292246500,37.0073297,127.1493659,64.621,10.3041,0,0,0,10.3041,0,0,0,24.413481
1544579422491785273,37.0073774,127.1493447,64.581,10.265616,0,0,0,10.265616,0,0,0,24.235929
1544579422691049349,37.0074251,127.1493229,64.545,10.246401,0,0,0,10.246401,0,0,0,24.029604
1544579422891706748,37.0074728,127.1493012,64.44,10.246401,0,0,0,10.246401,0,0,0,23.9121
1544579423116989891,37.0075207,127.1492789,64.408,10.265616,0,0,0,10.265616,0,0,0,23.794884
1544579423293060958,37.0075684,127.1492563,64.399,10.227204,0,0,0,10.227204,0,0,0,23.590449
1544579423492102201,37.0076163,127.1492336,64.301,10.169721,0,0,0,10.169721,0,0,0,23.386896
1544579423693143941,37.0076642,127.1492109,64.194,10.131489,0,0,0,10.131489,0,0,0,23.213124
1544579423891863897,37.007712,127.1491882,64.088,10.074276,0,0,0,10.074276,0,0,0,23.068809
1544579424120693768,37.0077599,127.1491654,63.99,10.036224,0,0,0,10.036224,0,0,0,22.924944
1544579424289015978,37.0078077,127.1491421,63.944,9.979281,0,0,0,9.979281,0,0,0,22.781529
1544579424480942556,37.0078555,127.1491188,63.945,9.941409,0,0,0,9.941409,0,0,0,22.610025
1544579424688897502,37.0079034,127.1490956,63.909,9.903609,0,0,0,9.903609,0,0,0,22.4676
1544579424887951823,37.0079514,127.149072,63.843,9.884736,0,0,0,9.884736,0,0,0,22.353984
1544579425107952949,37.0079994,127.1490483,63.815,9.865881,0,0,0,9.865881,0,0,0,22.212369
1544579425280494493,37.0080473,127.1490245,63.745,9.847044,0,0,0,9.847044,0,0,0,22.099401
1544579425482771363,37.0080954,127.1490003,63.697,9.847044,0,0,0,9.847044,0,0,0,21.986721
1544579425684020165,37.0081434,127.1489761,63.697,9.828225,0,0,0,9.828225,0,0,0,21.846276
1544579425878582267,37.0081914,127.1489515,63.663,9.828225,0,0,0,9.828225,0,0,0,21.734244
1544579425984014096,37.0082153,127.1489391,63.658,9.753129,0,0,0,9.753129,0,0,0,21.538881
1544579426188657092,37.0082632,127.1489143,63.618,9.7344,0,0,0,9.7344,0,0,0,21.427641
1544579426384073842,37.008311,127.1488893,63.587,9.7344,0,0,0,9.7344,0,0,0,21.3444
1544579426584011964,37.0083588,127.148864,63.577,9.7344,0,0,0,9.7344,0,0,0,21.233664
1544579426785054146,37.0084064,127.1488385,63.563,9.715689,0,0,0,9.715689,0,0,0,21.150801
1544579426982651873,37.0084543,127.1488129,63.537,9.715689,0,0,0,9.715689,0,0,0,21.095649
1544579427183692558,37.0085022,127.1487871,63.49,9.715689,0,0,0,9.715689,0,0,0,21.0681
1544579427386977573,37.0085499,127.1487613,63.476,9.715689,0,0,0,9.715689,0,0,0,21.013056
1544579427582566493,37.0085978,127.1487353,63.467,9.715689,0,0,0,9.715689,0,0,0,20.985561
1544579427785809905,37.0086457,127.1487092,63.476,9.715689,0,0,0,9.715689,0,0,0,20.958084
1544579427984014704,37.0086936,127.1486832,63.489,9.715689,0,0,0,9.715689,0,0,0,20.930625
1544579428188586895,37.0087412,127.1486574,63.514,9.715689,0,0,0,9.715689,0,0,0,20.930625
1544579428382844204,37.0087885,127.1486318,63.544,9.715689,0,0,0,9.715689,0,0,0,20.903184
1544579428578760271,37.0088355,127.1486063,63.563,9.753129,0,0,0,9.753129,0,0,0,20.903184
1544579428686883867,37.008859,127.1485937,63.602,9.715689,0,0,0,9.715689,0,0,0,20.7936
1544579428887922277,37.0089059,127.1485684,63.631,9.715689,0,0,0,9.715689,0,0,0,20.766249
1544579429120998638,37.0089525,127.1485428,63.704,9.7344,0,0,0,9.7344,0,0,0,20.766249
1544579429296000071,37.0089989,127.1485172,63.771,9.715689,0,0,0,9.715689,0,0,0,20.684304
1544579429491964342,37.0090452,127.1484916,63.823,9.696996,0,0,0,9.696996,0,0,0,20.602521
1544579429691954957,37.0090909,127.1484663,63.851,9.678321,0,0,0,9.678321,0,0,0,20.548089
1544579429890825637,37.0091364,127.1484413,63.9,9.641025,0,0,0,9.641025,0,0,0,20.466576
1544579430118438712,37.0091819,127.1484163,63.959,9.622404,0,0,0,9.622404,0,0,0,20.385225
1544579430295765064,37.0092272,127.1483915,64.052,9.622404,0,0,0,9.622404,0,0,0,20.331081
1544579430488750994,37.0092724,127.1483668,64.118,9.622404,0,0,0,9.622404,0,0,0,20.277009
1544579430692516020,37.0093174,127.1483422,64.188,9.641025,0,0,0,9.641025,0,0,0,20.223009
1544579430890921348,37.0093623,127.1483177,64.264,9.659664,0,0,0,9.659664,0,0,0,20.196036
1544579431117866412,37.0094069,127.1482933,64.353,9.678321,0,0,0,9.678321,0,0,0,20.169081
1544579431287316657,37.0094514,127.1482688,64.439,9.678321,0,0,0,9.678321,0,0,0,20.115225
1544579431496841156,37.0094955,127.1482446,64.537,9.696996,0,0,0,9.696996,0,0,0,20.061441
1544579431703753681,37.0095396,127.1482207,64.632,9.696996,0,0,0,9.696996,0,0,0,20.007729
1544579431898833242,37.0095834,127.1481966,64.75,9.696996,0,0,0,9.696996,0,0,0,19.927296
1544579432127591033,37.0096269,127.1481731,64.878,9.715689,0,0,0,9.715689,0,0,0,19.900521
1544579432279590065,37.0096703,127.1481495,64.935,9.7344,0,0,0,9.7344,0,0,0,19.900521
1544579432382908429,37.0096918,127.1481377,64.99,9.696996,0,0,0,9.696996,0,0,0,19.740249
1544579432579808724,37.0097349,127.1481144,65.103,9.696996,0,0,0,9.696996,0,0,0,19.740249
1544579432677905677,37.0097565,127.1481028,65.17,9.659664,0,0,0,9.659664,0,0,0,19.607184
1544579432776867409,37.009778,127.1480912,65.25,9.603801,0,0,0,9.603801,0,0,0,19.474569
1544579432880787358,37.0097995,127.1480797,65.315,9.566649,0,0,0,9.566649,0,0,0,19.342404
1544579433106747503,37.0098425,127.1480567,65.47,9.585216,0,0,0,9.585216,0,0,0,19.342404
1544579433279583411,37.0098856,127.1480336,65.623,9.566649,0,0,0,9.566649,0,0,0,19.316025
1544579433385625008,37.009907,127.1480222,65.688,9.511056,0,0,0,9.511056,0,0,0,19.1844
1544579433578785493,37.0099498,127.1479991,65.805,9.492561,0,0,0,9.492561,0,0,0,19.1844
1544579433681774918,37.0099711,127.1479874,65.856,9.437184,0,0,0,9.437184,0,0,0,19.053225
1544579433881939266,37.010014,127.1479641,65.999,9.437184,0,0,0,9.437184,0,0,0,19.027044
1544579434107427275,37.0100566,127.1479407,66.116,9.418761,0,0,0,9.418761,0,0,0,19.000881
1544579434279786913,37.010099,127.1479172,66.234,9.418761,0,0,0,9.418761,0,0,0,19.000881
1544579434486660866,37.0101413,127.1478938,66.376,9.418761,0,0,0,9.418761,0,0,0,18.948609
1544579434679777880,37.0101838,127.1478708,66.515,9.418761,0,0,0,9.418761,0,0,0,18.896409
1544579434878673492,37.0102263,127.1478479,66.641,9.418761,0,0,0,9.418761,0,0,0,18.896409
1544579434985789420,37.0102475,127.1478365,66.721,9.345249,0,0,0,9.345249,0,0,0,18.740241
1544579435182779357,37.0102898,127.1478137,66.896,9.326916,0,0,0,9.326916,0,0,0,18.688329
1544579435383618410,37.0103321,127.1477909,67.027,9.308601,0,0,0,9.308601,0,0,0,18.6624
1544579435586893409,37.0103744,127.1477683,67.171,9.308601,0,0,0,9.308601,0,0,0,18.636489
1544579435783700934,37.0104166,127.1477455,67.32,9.308601,0,0,0,9.308601,0,0,0,18.636489
1544579435982371968,37.0104589,127.1477226,67.485,9.308601,0,0,0,9.308601,0,0,0,18.636489
1544579436182857288,37.010501,127.1476999,67.619,9.308601,0,0,0,9.308601,0,0,0,18.636489
1544579436380813754,37.0105431,127.147677,67.739,9.308601,0,0,0,9.308601,0,0,0,18.610596
1544579436580446501,37.0105852,127.1476543,67.9,9.326916,0,0,0,9.326916,0,0,0,18.610596
1544579436780293168,37.0106272,127.1476316,68.067,9.308601,0,0,0,9.308601,0,0,0,18.584721
1544579436980811067,37.0106692,127.147609,68.223,9.308601,0,0,0,9.308601,0,0,0,18.558864
1544579437183624220,37.0107111,127.1475863,68.368,9.308601,0,0,0,9.308601,0,0,0,18.533025
1544579437386690865,37.010753,127.1475635,68.526,9.326916,0,0,0,9.326916,0,0,0,18.507204
1544579437582857520,37.0107948,127.1475407,68.703,9.345249,0,0,0,9.345249,0,0,0,18.455616
1544579437781728354,37.0108366,127.1475182,68.846,9.345249,0,0,0,9.345249,0,0,0,18.429849
1544579437982688438,37.0108783,127.1474957,69.015,9.345249,0,0,0,9.345249,0,0,0,18.4041
1544579438177485172,37.01092,127.147473,69.157,9.345249,0,0,0,9.345249,0,0,0,18.378369
1544579438271479607,37.0109407,127.1474616,69.225,9.272025,0,0,0,9.272025,0,0,0,18.198756
1544579438377559692,37.0109615,127.1474503,69.295,9.199089,0,0,0,9.199089,0,0,0,18.071001
1544579438477340925,37.0109822,127.1474389,69.385,9.144576,0,0,0,9.144576,0,0,0,17.918289
1544579438580863967,37.0110028,127.1474275,69.475,9.072144,0,0,0,9.072144,0,0,0,17.791524
1544579438778562988,37.0110445,127.1474046,69.623,9.072144,0,0,0,9.072144,0,0,0,17.766225
1544579438878580050,37.0110651,127.1473933,69.698,9,0,0,0,9,0,0,0,17.614809
1544579438979639517,37.0110858,127.1473819,69.785,8.946081,0,0,0,8.946081,0,0,0,17.489124
1544579439106320494,37.0111066,127.1473705,69.838,8.892324,0,0,0,8.892324,0,0,0,17.363889
1544579439279685529,37.011148,127.1473478,69.992,8.874441,0,0,0,8.874441,0,0,0,17.338896
1544579439379847015,37.0111687,127.1473364,70.077,8.8209,0,0,0,8.8209,0,0,0,17.239104
1544579439576478974,37.0112103,127.1473137,70.239,8.803089,0,0,0,8.803089,0,0,0,17.214201
1544579439680477194,37.0112308,127.1473024,70.297,8.749764,0,0,0,8.749764,0,0,0,17.089956
1544579439883680413,37.0112722,127.1472795,70.448,8.749764,0,0,0,8.749764,0,0,0,17.089956
1544579440107440893,37.0113136,127.1472568,70.598,8.767521,0,0,0,8.767521,0,0,0,17.065161
1544579440280352956,37.0113548,127.1472342,70.77,8.767521,0,0,0,8.767521,0,0,0,17.065161
1544579440480345865,37.0113961,127.1472115,70.89,8.767521,0,0,0,8.767521,0,0,0,17.040384
1544579440682277211,37.0114375,127.147189,71.086,8.767521,0,0,0,8.767521,0,0,0,17.065161
1544579440878768120,37.0114788,127.1471665,71.22,8.785296,0,0,0,8.785296,0,0,0,17.065161
1544579440986804967,37.0114995,127.1471553,71.283,8.678916,0,0,0,8.678916,0,0,0,16.966161
1544579441182790194,37.0115408,127.147133,71.382,8.625969,0,0,0,8.625969,0,0,0,16.966161
1544579441386831422,37.0115825,127.1471105,71.529,8.590761,0,0,0,8.590761,0,0,0,16.990884
1544579441583746162,37.0116241,127.1470881,71.704,8.555625,0,0,0,8.555625,0,0,0,17.015625
1544579441782823534,37.0116654,127.1470658,71.843,8.538084,0,0,0,8.538084,0,0,0,17.015625
1544579441982703896,37.011707,127.1470434,72,8.485569,0,0,0,8.485569,0,0,0,16.990884
1544579442182760459,37.0117486,127.147021,72.19,8.450649,0,0,0,8.450649,0,0,0,16.966161
1544579442381709902,37.0117901,127.1469985,72.347,8.415801,0,0,0,8.415801,0,0,0,16.966161
1544579442587182992,37.0118317,127.146976,72.479,8.398404,0,0,0,8.398404,0,0,0,16.990884
1544579442800170072,37.0118733,127.1469537,72.629,8.363664,0,0,0,8.363664,0,0,0,16.990884
1544579442986793240,37.0119149,127.1469314,72.784,8.363664,0,0,0,8.363664,0,0,0,16.966161
1544579443186714112,37.0119565,127.1469092,72.908,8.363664,0,0,0,8.363664,0,0,0,16.8921
1544579443387343679,37.0119982,127.1468868,73.042,8.363664,0,0,0,8.363664,0,0,0,16.818201
1544579443583709317,37.0120397,127.1468645,73.17,8.363664,0,0,0,8.363664,0,0,0,16.744464
1544579443788460295,37.0120813,127.1468422,73.292,8.363664,0,0,0,8.363664,0,0,0,16.670889
1544579443986703221,37.0121229,127.1468199,73.413,8.346321,0,0,0,8.346321,0,0,0,16.597476
1544579444186505805,37.0121643,127.1467975,73.58,8.346321,0,0,0,8.346321,0,0,0,16.524225
1544579444385625809,37.0122059,127.146775,73.726,8.346321,0,0,0,8.346321,0,0,0,16.451136
1544579444583667456,37.0122473,127.1467524,73.857,8.346321,0,0,0,8.346321,0,0,0,16.378209
1544579444787176949,37.0122888,127.1467296,74.028,8.328996,0,0,0,8.328996,0,0,0,16.305444
1544579444983712714,37.0123306,127.1467068,74.232,8.328996,0,0,0,8.328996,0,0,0,16.257024
1544579445179467248,37.0123721,127.146684,74.39,8.328996,0,0,0,8.328996,0,0,0,16.184529
1544579445385740111,37.0124136,127.1466613,74.529,8.346321,0,0,0,8.346321,0,0,0,16.136289
1544579445583623213,37.0124553,127.1466386,74.686,8.346321,0,0,0,8.346321,0,0,0,16.112196
1544579445790610806,37.0124969,127.146616,74.824,8.346321,0,0,0,8.346321,0,0,0,16.088121
1544579445987251769,37.0125386,127.1465932,74.969,8.381025,0,0,0,8.381025,0,0,0,16.040025
1544579446186694801,37.0125802,127.1465703,75.108,8.398404,0,0,0,8.398404,0,0,0,16.016004
1544579446387229848,37.012622,127.1465474,75.238,8.433216,0,0,0,8.433216,0,0,0,15.968016
1544579446579710454,37.0126637,127.1465247,75.39,8.433216,0,0,0,8.433216,0,0,0,15.896169
1544579446786896371,37.0127055,127.1465019,75.51,8.450649,0,0,0,8.450649,0,0,0,15.872256
1544579446995660626,37.0127472,127.1464792,75.645,8.4681,0,0,0,8.4681,0,0,0,15.848361
1544579447187331528,37.0127889,127.1464565,75.795,8.485569,0,0,0,8.485569,0,0,0,15.824484
1544579447387054005,37.0128307,127.1464337,75.941,8.520561,0,0,0,8.520561,0,0,0,15.824484
1544579447587639682,37.0128724,127.1464108,76.038,8.555625,0,0,0,8.555625,0,0,0,15.896169
1544579447787216042,37.0129142,127.1463882,76.172,8.608356,0,0,0,8.608356,0,0,0,15.944049
1544579447980401849,37.012956,127.1463656,76.298,8.6436,0,0,0,8.6436,0,0,0,15.992001
1544579448187207017,37.0129977,127.1463429,76.41,8.661249,0,0,0,8.661249,0,0,0,16.016004
1544579448384682722,37.0130394,127.1463203,76.511,8.714304,0,0,0,8.714304,0,0,0,16.112196
1544579448585524979,37.013081,127.1462976,76.615,8.767521,0,0,0,8.767521,0,0,0,16.208676
1544579448778365480,37.0131228,127.1462747,76.734,8.803089,0,0,0,8.803089,0,0,0,16.281225
1544579448880253249,37.0131437,127.1462634,76.759,8.785296,0,0,0,8.785296,0,0,0,16.208676
1544579449107201203,37.0131854,127.1462406,76.874,8.803089,0,0,0,8.803089,0,0,0,16.257024
1544579449273560077,37.0132272,127.1462179,76.929,8.838729,0,0,0,8.838729,0,0,0,16.281225
1544579449387690060,37.0132481,127.1462063,77.015,8.803089,0,0,0,8.803089,0,0,0,16.208676
1544579449584638487,37.0132897,127.1461833,77.116,8.803089,0,0,0,8.803089,0,0,0,16.257024
1544579449780596101,37.0133314,127.1461601,77.233,8.8209,0,0,0,8.8209,0,0,0,16.305444
1544579449988371351,37.013373,127.1461368,77.332,8.8209,0,0,0,8.8209,0,0,0,16.353936
1544579450180675646,37.0134147,127.1461137,77.368,8.838729,0,0,0,8.838729,0,0,0,16.4025
1544579450380178206,37.0134564,127.1460907,77.426,8.838729,0,0,0,8.838729,0,0,0,16.426809
1544579450580637230,37.0134981,127.1460678,77.488,8.838729,0,0,0,8.838729,0,0,0,16.426809
1544579450780526892,37.0135398,127.146045,77.54,8.838729,0,0,0,8.838729,0,0,0,16.426809
1544579450986324244,37.0135818,127.1460225,77.531,8.838729,0,0,0,8.838729,0,0,0,16.426809
1544579451188553060,37.0136238,127.1459996,77.597,8.838729,0,0,0,8.838729,0,0,0,16.426809
1544579451385277519,37.0136657,127.1459765,77.69,8.838729,0,0,0,8.838729,0,0,0,16.426809
1544579451583644178,37.0137077,127.1459534,77.73,8.838729,0,0,0,8.838729,0,0,0,16.4025
1544579451787156588,37.0137496,127.1459305,77.785,8.8209,0,0,0,8.8209,0,0,0,16.353936
1544579451986592010,37.0137916,127.1459079,77.82,8.8209,0,0,0,8.8209,0,0,0,16.305444
1544579452193477011,37.0138336,127.1458849,77.887,8.803089,0,0,0,8.803089,0,0,0,16.257024
1544579452386428539,37.0138756,127.1458617,77.936,8.8209,0,0,0,8.8209,0,0,0,16.232841
1544579452593528931,37.0139177,127.1458387,77.978,8.803089,0,0,0,8.803089,0,0,0,16.1604
1544579452788545921,37.0139599,127.1458156,78.049,8.803089,0,0,0,8.803089,0,0,0,16.112196
1544579452999515035,37.0140022,127.1457926,78.084,8.785296,0,0,0,8.785296,0,0,0,16.064064
1544579453197146177,37.0140445,127.1457695,78.127,8.767521,0,0,0,8.767521,0,0,0,16.016004
1544579453390470418,37.0140868,127.1457466,78.1,8.767521,0,0,0,8.767521,0,0,0,15.968016
1544579453593652204,37.0141292,127.1457235,78.12,8.749764,0,0,0,8.749764,0,0,0,15.944049
1544579453791427771,37.0141717,127.1457005,78.144,8.749764,0,0,0,8.749764,0,0,0,15.896169
1544579453992560839,37.0142144,127.1456774,78.145,8.732025,0,0,0,8.732025,0,0,0,15.848361
1544579454196146972,37.0142572,127.1456544,78.145,8.732025,0,0,0,8.732025,0,0,0,15.824484
1544579454388269677,37.0143,127.1456314,78.145,8.714304,0,0,0,8.714304,0,0,0,15.776784
1544579454590184176,37.0143428,127.1456083,78.176,8.714304,0,0,0,8.714304,0,0,0,15.752961
1544579454783512972,37.0143856,127.1455849,78.182,8.696601,0,0,0,8.696601,0,0,0,15.729156
1544579454987393737,37.0144284,127.1455615,78.224,8.696601,0,0,0,8.696601,0,0,0,15.6816
1544579455188229031,37.0144712,127.1455383,78.25,8.696601,0,0,0,8.696601,0,0,0,15.657849
1544579455400226660,37.0145138,127.1455151,78.271,8.678916,0,0,0,8.678916,0,0,0,15.634116
1544579455590461662,37.0145564,127.1454919,78.309,8.678916,0,0,0,8.678916,0,0,0,15.657849
1544579455789106056,37.0145992,127.145469,78.269,8.678916,0,0,0,8.678916,0,0,0,15.657849
1544579455990434080,37.0146421,127.1454463,78.156,8.714304,0,0,0,8.714304,0,0,0,15.705369
1544579456183457073,37.014685,127.1454237,78.128,8.749764,0,0,0,8.749764,0,0,0,15.752961
1544579456392553317,37.0147278,127.1454011,78.119,8.803089,0,0,0,8.803089,0,0,0,15.824484
1544579456588096635,37.0147709,127.1453783,78.055,8.838729,0,0,0,8.838729,0,0,0,15.896169
1544579456785451414,37.0148139,127.1453555,78.083,8.874441,0,0,0,8.874441,0,0,0,15.968016
1544579456986545013,37.0148569,127.1453324,78.092,8.892324,0,0,0,8.892324,0,0,0,16.016004
1544579457186983795,37.0149001,127.145309,78.043,8.892324,0,0,0,8.892324,0,0,0,16.040025
1544579457391333658,37.0149429,127.145286,78.076,8.910225,0,0,0,8.910225,0,0,0,16.088121
1544579457579522123,37.0149859,127.1452627,78.09,8.928144,0,0,0,8.928144,0,0,0,16.184529
1544579457788208316,37.0150284,127.1452396,77.975,8.964036,0,0,0,8.964036,0,0,0,16.305444
1544579457987087709,37.015072,127.1452164,77.915,9.054081,0,0,0,9.054081,0,0,0,16.426809
1544579458191365930,37.0151157,127.1451932,77.899,9.144576,0,0,0,9.144576,0,0,0,16.548624
1544579458391485697,37.0151588,127.14517,77.828,9.1809,0,0,0,9.1809,0,0,0,16.6464
1544579458587165915,37.0152024,127.1451466,77.824,9.199089,0,0,0,9.199089,0,0,0,16.744464
1544579458781441594,37.0152458,127.1451228,77.799,9.235521,0,0,0,9.235521,0,0,0,16.8921
1544579458980380138,37.0152895,127.1450991,77.773,9.253764,0,0,0,9.253764,0,0,0,17.015625
1544579459194250748,37.0153334,127.1450755,77.777,9.290304,0,0,0,9.290304,0,0,0,17.1396
1544579459386800048,37.0153772,127.1450518,77.76,9.326916,0,0,0,9.326916,0,0,0,17.264025
1544579459588123581,37.0154211,127.1450285,77.68,9.345249,0,0,0,9.345249,0,0,0,17.363889
1544579459787323538,37.0154647,127.1450045,77.636,9.3636,0,0,0,9.3636,0,0,0,17.438976
1544579459986124356,37.0155085,127.1449799,77.661,9.381969,0,0,0,9.381969,0,0,0,17.539344
1544579460183370933,37.0155523,127.1449556,77.614,9.400356,0,0,0,9.400356,0,0,0,17.614809
1544579460382122852,37.0155959,127.1449318,77.475,9.3636,0,0,0,9.3636,0,0,0,17.665209
1544579460587480337,37.0156399,127.1449075,77.427,9.326916,0,0,0,9.326916,0,0,0,17.740944
1544579460790358348,37.0156839,127.1448841,77.232,9.326916,0,0,0,9.326916,0,0,0,17.791524
1544579460987000887,37.0157284,127.14486,77.179,9.345249,0,0,0,9.345249,0,0,0,17.867529
1544579461185965094,37.0157729,127.1448359,77.099,9.272025,0,0,0,9.272025,0,0,0,17.8929
1544579461386992586,37.0158175,127.1448116,77.035,9.272025,0,0,0,9.272025,0,0,0,17.969121
1544579461582409491,37.015862,127.1447876,76.966,9.290304,0,0,0,9.290304,0,0,0,18.071001
1544579461788107373,37.0159067,127.144763,76.971,9.308601,0,0,0,9.308601,0,0,0,18.1476
1544579461988196037,37.0159514,127.1447384,76.946,9.326916,0,0,0,9.326916,0,0,0,18.224361
1544579462190397724,37.0159966,127.1447144,76.829,9.345249,0,0,0,9.345249,0,0,0,18.301284
1544579462386357061,37.0160416,127.1446903,76.746,9.381969,0,0,0,9.381969,0,0,0,18.429849
1544579462586416489,37.0160867,127.1446663,76.608,9.418761,0,0,0,9.418761,0,0,0,18.584721
1544579462785440910,37.016132,127.1446419,76.526,9.455625,0,0,0,9.455625,0,0,0,18.740241
1544579462988081784,37.0161774,127.1446178,76.365,9.492561,0,0,0,9.492561,0,0,0,18.896409
1544579463182308632,37.0162226,127.1445935,76.306,9.529569,0,0,0,9.529569,0,0,0,19.027044
1544579463386389984,37.0162681,127.1445693,76.201,9.566649,0,0,0,9.566649,0,0,0,19.1844
1544579463586668894,37.0163137,127.1445448,76.147,9.622404,0,0,0,9.622404,0,0,0,19.368801
1544579463786875773,37.0163595,127.1445205,76.032,9.659664,0,0,0,9.659664,0,0,0,19.527561
1544579463995187707,37.0164053,127.1444964,75.902,9.715689,0,0,0,9.715689,0,0,0,19.7136
1544579464191230310,37.0164513,127.1444725,75.758,9.753129,0,0,0,9.753129,0,0,0,19.873764
1544579464388100076,37.0164978,127.1444485,75.639,9.790641,0,0,0,9.790641,0,0,0,20.034576
1544579464582098572,37.0165441,127.1444245,75.549,9.828225,0,0,0,9.828225,0,0,0,20.196036
1544579464783426162,37.0165909,127.1444011,75.437,9.847044,0,0,0,9.847044,0,0,0,20.25
1544579464991251771,37.0166378,127.1443779,75.27,9.847044,0,0,0,9.847044,0,0,0,20.331081
1544579465196617433,37.0166849,127.1443547,75.184,9.884736,0,0,0,9.884736,0,0,0,20.466576
1544579465386124050,37.0167321,127.1443317,75.054,9.903609,0,0,0,9.903609,0,0,0,20.548089
1544579465586673963,37.0167797,127.1443089,74.873,9.903609,0,0,0,9.903609,0,0,0,20.575296
1544579465785321056,37.0168271,127.1442861,74.722,9.903609,0,0,0,9.903609,0,0,0,20.629764
1544579465986144023,37.016875,127.1442638,74.518,9.9225,0,0,0,9.9225,0,0,0,20.657025
1544579466197335724,37.0169228,127.144241,74.393,9.9225,0,0,0,9.9225,0,0,0,20.711601
1544579466397817541,37.0169706,127.1442185,74.269,9.941409,0,0,0,9.941409,0,0,0,20.738916
1544579466591264102,37.0170187,127.1441962,74.09,9.9225,0,0,0,9.9225,0,0,0,20.711601
1544579466792222324,37.0170669,127.1441738,73.898,9.9225,0,0,0,9.9225,0,0,0,20.629764
1544579466987224527,37.0171153,127.1441513,73.746,9.903609,0,0,0,9.903609,0,0,0,20.575296
1544579467188093558,37.0171639,127.1441293,73.583,9.884736,0,0,0,9.884736,0,0,0,20.466576
1544579467388191287,37.0172129,127.1441078,73.286,9.865881,0,0,0,9.865881,0,0,0,20.385225
1544579467580249821,37.0172619,127.1440865,73.017,9.847044,0,0,0,9.847044,0,0,0,20.304036
1544579467781249256,37.0173113,127.1440649,72.836,9.828225,0,0,0,9.828225,0,0,0,20.223009
1544579467991170928,37.0173605,127.1440433,72.692,9.828225,0,0,0,9.828225,0,0,0,20.169081
1544579468194287004,37.0174099,127.1440221,72.526,9.847044,0,0,0,9.847044,0,0,0,20.142144
1544579468398049774,37.0174597,127.144001,72.389,9.847044,0,0,0,9.847044,0,0,0,20.088324
1544579468586328508,37.0175096,127.1439804,72.227,9.884736,0,0,0,9.884736,0,0,0,20.034576
1544579468786708159,37.0175598,127.1439599,72.022,9.903609,0,0,0,9.903609,0,0,0,19.9809
1544579468998329389,37.0176098,127.1439394,71.894,9.884736,0,0,0,9.884736,0,0,0,19.900521
1544579469196320598,37.0176599,127.1439193,71.781,9.828225,0,0,0,9.828225,0,0,0,19.820304
1544579469399048411,37.0177101,127.143899,71.661,9.771876,0,0,0,9.771876,0,0,0,19.7136
